,State,Hotel Name,Price
0,Alabama,Cozy Garage SheShed - Has Enclosed Outdoor Shower,£20
1,Alabama,"OYO Hotel Mobile, AL I-65 at Airport Blvd",£34
2,Alabama,Budget Inn - Scottsboro,£42
3,Alabama,Quality Inn,£43
4,Alabama,Loners Loft Private Rooms,£43
5,Alabama,Red Roof Inn Montgomery - Midtown,£44
6,Alabama,"Motel 6 Montgomery, AL - Eastern Blvd.",£44
7,Alabama,Rest Inn,£46
8,Alabama,Super 8 by Wyndham Daleville-Fort Novosel,£46
9,Alabama,"Motel 6-Dothan, AL",£46
10,Alabama,Adams Inn,£46
11,Alabama,Express inn Hartselle,£47
12,Alabama,"OYO Hotel Opp AL, Floral Hwy",£47
13,Alabama,Rodeway Inn Oxford,£47
14,Alabama,"Motel 6-Gulf Shores, AL",£47
15,Alabama,Econo Lodge,£48
16,Alabama,Red Roof Inn Gulf Shores,£48
17,Alabama,Quality Inn,£49
18,Alabama,"Motel 6 Scottsboro, AL Hwy 72",£49
19,Alabama,Classic Inn,£49
20,Alabama,Budgetel Inn,£49
21,Alabama,Days Inn by Wyndham Dothan,£49
22,Alabama,Travelodge by Wyndham Tuscaloosa,£50
23,Alabama,America's Inn - Birmingham,£50
24,Alabama,Econo Lodge Inn & Suites University,£50
25,Alaska,Mountain View Apartment 1,£32
26,Alaska,Billie's Backpackers Hostel,£35
27,Alaska,Mountain View Apartment 2,£37
28,Alaska,Soldotna Lodge,£56
29,Alaska,The Hibernation Station,£57
30,Alaska,RV Site (Water and Power),£58
31,Alaska,RV Site (Full Hookups),£58
32,Alaska,Shaligohomes On 16th Ave,£62
33,Alaska,Soldotna Inn,£65
34,Alaska,Delta Lodge,£66
35,Alaska,Eagle River Microtel,£66
36,Alaska,Ingra House Hotel,£66
37,Alaska,Compact But Cozy Too,£70
38,Alaska,Americas Best Value Inn & Suites Anchorage Airport,£70
39,Alaska,Aurora Viewing Deck and Peaceful Retreat,£70
40,Alaska,Econo Inn,£74
41,Alaska,ShaligoHomes,£75
42,Alaska,Brown Bear Saloon & Motel,£75
43,Alaska,Alaska Angler's Inn,£75
44,Alaska,Puffin Inn,£77
45,Alaska,Mother in Law suite in the Hills,£77
46,Alaska,Shelikof Lodge,£77
47,Alaska,Clarion Hotel & Suites Fairbanks near Ft Wainwright,£79
48,Alaska,Marina Motel,£80
49,Alaska,Main Street Hotel,£80
50,Arizona,La Casita,£43
51,Arizona,Rodeway Inn Phoenix North I-17,£49
52,Arizona,HomeTowne Studios by Red Roof Phoenix - Dunlap Ave,£56
53,Arizona,"Phoenix I, Minutes to Airport and Downtown",£57
54,Arizona,EZ 8 Motel Airporter,£58
55,Arizona,Travelers Inn - Phoenix,£59
56,Arizona,Extend-a-Suites Phoenix,£59
57,Arizona,Econo Lodge Phoenix North I-17,£60
58,Arizona,Budget Inn Phoenix,£61
59,Arizona,Premier Inns Tolleson,£65
60,Arizona,The Blue Room,£68
61,Arizona,"Motel 6-Phoenix, AZ - North Bell Road",£69
62,Arizona,HomeTowne Studios by Red Roof Phoenix - Black Canyon Highway,£70
63,Arizona,Your Downtown Cozy Studio With Backyard Unit C,£71
64,Arizona,Knights Inn Phoenix at N Black Canyon Hwy,£72
65,Arizona,"Motel 6 Phoenix, AZ Midtown",£74
66,Arizona,Red Roof Inn Phoenix North - I-17 at Bell Rd,£74
67,Arizona,Windsor Room,£75
68,Arizona,Days Inn by Wyndham Phoenix West,£76
69,Arizona,Travel Inn,£77
70,Arizona,Days Inn by Wyndham Phoenix North,£78
71,Arizona,Terracita Oasis,£79
72,Arizona,Baymont by Wyndham Phoenix North,£79
73,Arizona,Hyatt Place Phoenix-North,£80
74,Arizona,Red Roof Inn PLUS + Phoenix West,£81
75,Arkansas,Relax Inn West Medical Center,£31
76,Arkansas,America's Best Value Inn,£31
77,Arkansas,"Motel 6-Arkadelphia, AR",£35
78,Arkansas,Luxury Inn Forrest City,£36
79,Arkansas,Rodeway Inn Fort Smith I-40,£37
80,Arkansas,Aya's Blossoms Inn,£38
81,Arkansas,Super 8 by Wyndham Malvern,£39
82,Arkansas,"Motel 6-Brinkley, AR",£42
83,Arkansas,Super 8 by Wyndham Mountain Home,£42
84,Arkansas,Clairmont Inn & Suites - Warren,£42
85,Arkansas,Super 8 by Wyndham Hot Springs,£43
86,Arkansas,Nordins Escapes RV - Camper Spot 1,£43
87,Arkansas,American Inn,£39
88,Arkansas,Chigger Hill RV Park,£44
89,Arkansas,Cozy Tiny Home on the Farm,£44
90,Arkansas,Travel Inn North Little Rock,£44
91,Arkansas,Journey Inn Marion,£44
92,Arkansas,OYO Hotel Bald Knob near Searcy AR,£44
93,Arkansas,OYO Townhouse Inn Jacksonville near Little Rock Air Force Base,£44
94,Arkansas,M Star Hotel Searcy,£44
95,Arkansas,DIAMOND INN,£45
96,Arkansas,Magnuson Hotel Little Rock South,£45
97,Arkansas,"Motel 6-Pine Bluff, AR",£45
98,Arkansas,"Motel 6-Little Rock, AR - Airport",£46
99,Arkansas,Economy Inn Express Warren,£46
100,California,Van Nuys Homes for the Soul,£17
101,California,Green HomeStay address changed,£21
102,California,Los Angeles Zen Home,£21
103,California,LA Love Home,£22
104,California,Hollywood Stay,£22
105,California,8th and Ardmore,£22
106,California,Rumi,£24
107,California,A1 LA City Hostel,£24
108,California,Modern Hostel,£24
109,California,The Wilshire Metro,£24
110,California,Ktown Homestay,£23
111,California,White House,£27
112,California,Banana Bungalow Hollywood Hotel & Hostel,£28
113,California,Banana Bungalow West Hollywood Hotel & Hostel,£28
114,California,Green House,£28
115,California,Samesun Hollywood Hotel & Hostel,£29
116,California,Burlington Hostel,£31
117,California,HI Los Angeles - Santa Monica Hostel,£32
118,California,The Steady,£33
119,California,Robertson's Place Like Home,£33
120,California,Cozy spot in Koreatown,£35
121,California,Normandie Hostel,£35
122,California,Orange Drive Hostel,£36
123,California,Freehand Los Angeles,£39
124,California,Affordable Stay America,£47
125,Colorado,RAD Hostel,£31
126,Colorado,Super 8 by Wyndham Colorado Springs Airport,£42
127,Colorado,TravelStar Inn & Suites,£44
128,Colorado,Days Inn by Wyndham Colorado Springs Airport,£46
129,Colorado,Nevada Flats Hotel,£47
130,Colorado,Howard Johnson by Wyndham Colorado Springs,£50
131,Colorado,Quality Inn Airport,£50
132,Colorado,HomeTowne Studios by Red Roof Colorado Springs - Airport,£51
133,Colorado,Travelodge by Wyndham Colorado Springs Airport/Peterson AFB,£51
134,Colorado,"Motel 6-Colorado Springs, CO - Air Force Academy",£52
135,Colorado,Rodeway Inn Central Colorado Springs,£52
136,Colorado,Super 8 by Wyndham Colorado Springs/Afa Area,£56
137,Colorado,La Quinta by Wyndham Colorado Springs South Airport,£56
138,Colorado,Days Inn by Wyndham Colorado Springs/Garden of the Gods,£58
139,Colorado,True North Motel,£58
140,Colorado,"Studio 6 Colorado Springs, Colorado - Air Force Academy",£59
141,Colorado,Modern Motel,£60
142,Colorado,Quality Inn Colorado Springs South,£62
143,Colorado,Baymont by Wyndham Colorado Springs,£63
144,Colorado,"Park Inn by Radisson, Colorado Springs",£63
145,Colorado,Quality Inn & Suites Garden Of The Gods,£64
146,Colorado,Econo Lodge North Academy,£66
147,Colorado,Fairfield Inn Colorado Springs Air Force Academy,£67
148,Colorado,La Quinta by Wyndham Colorado Springs North,£68
149,Colorado,Comfort Suites Colorado Springs East - Medical Center Area,£71
150,Connecticut,West End Haven,£22
151,Connecticut,Private RV,£38
152,Connecticut,Rodeway Inn,£41
153,Connecticut,Cozy tiny private room in Hartford,£42
154,Connecticut,Super 8 by Wyndham Groton,£47
155,Connecticut,"Motel 6-Windsor Locks, CT - Hartford",£48
156,Connecticut,Budget Room Minutes From Downtown,£46
157,Connecticut,Vernon Motel,£50
158,Connecticut,1950s Charm In The Heart Of Waterbury,£53
159,Connecticut,Travelodge by Wyndham Vernon CT,£54
160,Connecticut,Ashford Motel,£52
161,Connecticut,Quality Inn Cromwell - Middletown,£56
162,Connecticut,Econo Lodge Milldale - Southington,£57
163,Connecticut,Rock Pad AirBnB,£54
164,Connecticut,"Motel 6-Branford, CT - New Haven",£57
165,Connecticut,"Motel 6-Niantic, CT - New London",£57
166,Connecticut,Elite Inn,£55
167,Connecticut,Village Motel,£55
168,Connecticut,"Rock Pad for Yale, Visitors, Nurses, Staff",£55
169,Connecticut,"Motel 6-Southington, CT - Hartford",£58
170,Connecticut,Super 8 by Wyndham Cromwell/Middletown,£59
171,Connecticut,Econo Lodge,£59
172,Connecticut,Town Plot Waterbury,£59
173,Connecticut,Hilltop Express Inn,£60
174,Connecticut,"Motel 6-Wethersfield, CT - Hartford",£61
175,Delaware,Quality Inn,£54
176,Delaware,Sea Esta Motel II,£56
177,Delaware,Hotel Wave at Rehoboth Beach,£56
178,Delaware,Super 8 by Wyndham Dover,£57
179,Delaware,Red Roof Inn & Suites Wilmington – New Castle,£59
180,Delaware,Super 8 by Wyndham New Castle,£62
181,Delaware,HomeTowne Studios by Red Roof Wilmington - New Castle,£64
182,Delaware,Quality Inn & Suites Harrington,£64
183,Delaware,Pleasant Hill Motel,£64
184,Delaware,Red Roof Inn & Suites Dover Downtown,£64
185,Delaware,Sleep Inn & Suites Rehoboth Beach,£65
186,Delaware,Days Inn by Wyndham Newark Wilmington,£65
187,Delaware,Country Inn & Suites by Radisson Rehoboth Beach - Dewey,£65
188,Delaware,Best Western Galaxy Inn,£66
189,Delaware,Superlodge,£67
190,Delaware,Microtel Inn & Suites by Wyndham Georgetown Delaware Beaches,£67
191,Delaware,Home2 Suites By Hilton Lewes Rehoboth Beach,£68
192,Delaware,Red Roof Inn and Suites Newark - University,£68
193,Delaware,"Motel 6-Seaford, DE",£68
194,Delaware,Brighton Suites Hotel,£68
195,Delaware,Travel Inn New Castle Airport,£68
196,Delaware,Days Inn by Wyndham Wilmington Brandywine,£68
197,Delaware,Microtel Inn & Suites by Wyndham Rehoboth Beach,£68
198,Delaware,Red Roof Inn PLUS+ Wilmington - Newark,£68
199,Delaware,Comfort Inn Rehoboth Beach,£69
200,Florida,Fanning and Manatee Springs Exclusive Primitive Campground,£8
201,Florida,Zen,£9
202,Florida,Boris Beach House - Female Dorms - Male Dorms - 3 Miles to the Beach - Free Parking,£13
203,Florida,OQP Wynwood Beds,£14
204,Florida,Home Sweet Home-Women Only Dorm - Men Only Dorms -3 Miles to the Beach,£15
205,Florida,Latin Quarters - All Women Rooms All Men Rooms - Free WiFi - Coffee Parking - Lockers,£15
206,Florida,Best Price Dorm Rooms - Weekly and Monthly Specials Available,£15
207,Florida,Airport Bunk House Free - WiFi - Parking - Coffee- Long Term Welcome,£16
208,Florida,Zèn - All Female Dorms - All Men Dorms - Free WiFi - Parking - Coffee Long Term Welcome Hard Rock Casino - Fort Lauderdale - Beach - Cruise -,£23
209,Florida,Beds & Sheets Little Havana,£24
210,Florida,TouchDown Hostel,£24
211,Florida,Miami on a Budget - Free Coffee- Female Dorms - Men Dorms Under New Management -,£24
212,Florida,Tropical Oasis,£25
213,Florida,OQP Vacations Miami,£26
214,Florida,Hospedaje North Miami,£26
215,Florida,"Bekahouse Hostel with parking, backyard and laundry",£26
216,Florida,Hostel Beds & Sheets FLL AIRPORT,£28
217,Florida,Bposhtels Orlando Disney,£28
218,Florida,Freehand Miami,£28
219,Florida,203 Miami Men's Hostel & Budget Rooms& Bed Sharing,£28
220,Florida,103 Miami Men's Hostel & Budget Rooms& Bed Sharing,£28
221,Florida,Beds n' Drinks,£28
222,Florida,South Beach Rooms and Hostel,£29
223,Florida,Hoosville Hostel (Formerly The Everglades Hostel),£30
224,Florida,Bposhtels Hollywood Florida,£30
225,Georgia,My Hostel and Cooking House!,£3
226,Georgia,Good night,£3
227,Georgia,Comfort Plus,£3
228,Georgia,Hammer hostel,£3
229,Georgia,T8B,£3
230,Georgia,T9B hostel,£3
231,Georgia,GLOBAL HOSTEL - Marjanishvili,£4
232,Georgia,Monica's house,£4
233,Georgia,Sheni Hostel,£4
234,Georgia,Four Seasons,£4
235,Georgia,YOUR ROOM Hostel,£4
236,Georgia,Museum Hostel,£4
237,Georgia,Old Tbilisi hostel,£4
238,Georgia,სლავა მეტრეველის 4,£4
239,Georgia,Blossom hostel R,£5
240,Georgia,Backpackers Georgia,£5
241,Georgia,Blossom hostel,£5
242,Georgia,New hostel in Melikishvili,£5
243,Georgia,Pasteur Hostel,£5
244,Georgia,Hostel Indie Mindie,£6
245,Georgia,At Funicular Hostel,£6
246,Georgia,Only Flowers,£7
247,Georgia,Fabrika Hostel & Suites,£7
248,Georgia,Tbil Home Hostel,£7
249,Georgia,Hostel Near The Square,£7
250,Hawaii,Open Gate Hostel Hawaii,£23
251,Hawaii,Polynesian Hostel Beach Club,£38
252,Hawaii,Waikiki Beachside Hostel,£39
253,Hawaii,Howzit Hostels Hawaii,£46
254,Hawaii,Banana Bungalow Maui Hostel,£54
255,Hawaii,The Big Island Hostel,£54
256,Hawaii,Howzit Hostels,£55
257,Hawaii,Ainaloa home of big island,£75
258,Hawaii,Kehena Mauka Nui Club LGBTQIA+ Clothing Optional,£78
259,Hawaii,Pahoa Village Hostel,£79
260,Hawaii,Studio,£82
261,Hawaii,Ainaloa home of big island,£86
262,Hawaii,Kirpal Meditation and Ecological Center,£91
263,Hawaii,Ainaloa Home of Big Island,£94
264,Hawaii,Nice Studio w/ AC near Kehena Beach and lava fields,£99
265,Hawaii,Oahu Camper Adventures,£101
266,Hawaii,Country Goose,£104
267,Hawaii,Artsy Cabin on Organic Farm,£109
268,Hawaii,Big Island Getaway,£110
269,Hawaii,Aeolian Ranch Guest house,£110
270,Hawaii,Hookele cabin,£111
271,Hawaii,Comfort Nest,£111
272,Hawaii,Waipi'o Lodge,£113
273,Hawaii,Hilo Reeds Bay Hotel,£113
274,Hawaii,Private Ohana on the lush Hamakua coast with AC,£115
275,Idaho,"Motel 6-Idaho Falls, ID - Snake River",£57
276,Idaho,Motel West,£58
277,Idaho,Econo Lodge,£59
278,Idaho,Quality Inn Idaho Falls,£61
279,Idaho,Clarion Inn,£62
280,Idaho,Super 8 by Wyndham Idaho Falls,£71
281,Idaho,Comfort Inn,£72
282,Idaho,Comfort Suites Idaho Falls,£76
283,Idaho,Hampton Inn Idaho Falls,£77
284,Idaho,Tru By Hilton Idaho Falls Id,£78
285,Idaho,"Holiday Inn & Suites - Idaho Falls, an IHG Hotel",£79
286,Idaho,Best Western Plus CottonTree Inn,£81
287,Idaho,La Quinta by Wyndham Idaho Falls/Ammon,£83
288,Idaho,"My Place Hotel-Idaho Falls, ID",£85
289,Idaho,Fairfield Inn & Suites Idaho Falls,£88
290,Idaho,"Holiday Inn Express Hotel & Suites Idaho Falls, an IHG Hotel",£88
291,Idaho,"Candlewood Suites Idaho Falls, an IHG Hotel",£91
292,Idaho,Sleep Inn & Suites Idaho Falls Gateway to Yellowstone,£93
293,Idaho,Best Western Driftwood Inn,£96
294,Idaho,Hampton Inn Idaho Falls / Airport,£100
295,Idaho,Hilton Garden Inn Idaho Falls,£100
296,Idaho,Home2 Suites by Hilton Idaho Falls,£107
297,Idaho,Residence Inn by Marriott Idaho Falls,£138
298,Idaho,Guest Suites 1996 #3 - Cozy 1 bedroom 1 bath suite,£149
299,Idaho,Guest Suites 1996 #1 - Tranquil 1 bedroom 1 bath Suite,£149
300,Illinois,Freehand Chicago,£23
301,Illinois,HI Chicago Hostel,£23
302,Illinois,Wrigley Hostel - Chicago,£26
303,Illinois,Chicago Getaway Hostel,£35
304,Illinois,Red Roof Inn PLUS+ Chicago - Willowbrook,£39
305,Illinois,Super 8 by Wyndham Springfield East,£41
306,Illinois,Extended Stay America Suites - Chicago - Schaumburg - I-90,£42
307,Illinois,Super 8 by Wyndham Lincoln,£44
308,Illinois,Travelodge by Wyndham Peoria,£44
309,Illinois,"Motel 6-Springfield, IL",£44
310,Illinois,Travelodge by Wyndham Rockford South,£44
311,Illinois,Super 8 by Wyndham East Moline,£44
312,Illinois,"Motel 6-Caseyville, IL - Caseyville Il",£46
313,Illinois,Days Inn & Suites by Wyndham Caseyville,£46
314,Illinois,Days Hotel by Wyndham Danville Conference Center,£46
315,Illinois,"Red Roof Inn Springfield, IL",£46
316,Illinois,"Motel 6-Bridgeview, IL",£46
317,Illinois,"Motel 6-Marion, IL",£47
318,Illinois,your perfect home away from home,£47
319,Illinois,"Motel 6-Glenview, IL - Chicago North",£47
320,Illinois,Modern Stay 39 Lakeview By OYO Minonk,£47
321,Illinois,Super 8 by Wyndham Pontoon Beach IL/St. Louis MO Area,£47
322,Illinois,"Motel 6-Prospect Heights, IL",£47
323,Illinois,Cool and affordable apartment Galesburg,£47
324,Illinois,Indian Mound Motel,£48
325,Indiana,Days Inn by Wyndham Indianapolis East Post Road,£42
326,Indiana,"Homestay w Zuku the Cat - 10 mins from downtown, 20 from airport",£42
327,Indiana,Wade1621,£42
328,Indiana,Super 8 by Wyndham Indianapolis South,£47
329,Indiana,Days Inn & Suites by Wyndham Northwest Indianapolis,£47
330,Indiana,Super 8 by Wyndham Indianapolis/NE/Castleton Area,£49
331,Indiana,Quality Inn and Suites Indianapolis,£49
332,Indiana,Hotel 465 By Regency,£49
333,Indiana,"VIP Suites for Business Women, Nurses, College Moms Traveling to Indianapolis",£50
334,Indiana,Extended Stay America Suites - Indianapolis - Airport,£50
335,Indiana,Extended Stay America Suites - Indianapolis - Airport - W Southern Ave,£50
336,Indiana,Motel 6 Indianapolis IN,£51
337,Indiana,Extended Stay America Suites - Indianapolis - West 86th St,£53
338,Indiana,Days Inn by Wyndham Indianapolis Northeast,£53
339,Indiana,Days Inn by Wyndham Indianapolis South,£54
340,Indiana,Extended Stay America Suites - Indianapolis - Northwest - I-465,£54
341,Indiana,Red Roof Inn Indianapolis East,£56
342,Indiana,Quality Inn South,£56
343,Indiana,Indy Hotel,£54
344,Indiana,Baymont by Wyndham Indianapolis West,£57
345,Indiana,Super 8 by Wyndham Indianapolis-Southport Rd,£57
346,Indiana,La Quinta Inn by Wyndham Indianapolis Airport Lynhurst,£57
347,Indiana,Red Roof Inn Indianapolis South,£57
348,Indiana,Clarion Inn & Suites Northwest,£57
349,Indiana,Red Roof Inn & Suites Indianapolis Airport,£58
350,Iowa,Hyatt Place Iowa City Downtown,£84
351,Iowa,Graduate by Hilton Iowa City,£89
352,Iowa,Hampton Inn Iowa City/University Area,£107
353,Iowa,Hilton Garden Inn Iowa City Downtown University,£108
354,Iowa,Element Iowa City,£108
355,Iowa,"Hotel Chauncey Iowa City, Tapestry Collection by Hilton",£110
356,Iowa,"Hotelvetro Iowa City, Tapestry Collection By Hilton",£118
357,Iowa,The Highlander Hotel,£128
358,Iowa,Courtyard by Marriott Iowa City University Heights,£136
359,Iowa,Gs Home Away from Home,£306
360,Iowa,Super 7 Motel,£46
361,Iowa,Super 8 by Wyndham Iowa City/Coralville,£58
362,Iowa,Quality Inn Coralville - Iowa River Landing,£60
363,Iowa,Comfort Inn & Suites Coralville - Iowa City near Iowa River Landing,£60
364,Iowa,AmericInn by Wyndham Coralville,£65
365,Iowa,SureStay Plus Hotel by Best Western Coralville Iowa City,£65
366,Iowa,MainStay Suites Coralville - Iowa City,£73
367,Iowa,Comfort Suites Coralville I-80,£76
368,Iowa,Radisson Hotel & Conference Center Coralville - Iowa City,£78
369,Iowa,Hampton Inn Iowa City/Coralville,£84
370,Iowa,Home2 Suites By Hilton Iowa City Coralville,£88
371,Iowa,Residence Inn by Marriott Coralville,£91
372,Iowa,"Staybridge Suites - Iowa City - Coralville, an IHG Hotel",£94
373,Iowa,"Holiday Inn Express Hotel & Suites Coralville, an IHG Hotel",£96
374,Iowa,"Country Inn & Suites by Radisson, Coralville, IA",£96
375,Kansas,"Motel 6 Kansas City, MO - Airport",£51
376,Kansas,Extended Stay Kansas City,£53
377,Kansas,"Motel 6-Kansas City, MO",£54
378,Kansas,Super 8 by Wyndham Kansas City Airport North,£54
379,Kansas,Super 8 by Wyndham Kansas City at Barry Road/Airport,£56
380,Kansas,Quality Inn & Suites Kansas City I-435N Near Sports Complex,£61
381,Kansas,American Inn North Kansas City,£63
382,Kansas,KCI Lodge,£65
383,Kansas,Days Inn & Suites by Wyndham Kansas City - Chiefs Arrowhead Stadium,£65
384,Kansas,Econo Lodge Kansas City Downtown North,£67
385,Kansas,Extended Stay America Suites - Kansas City - Airport,£67
386,Kansas,Sleep Inn Kansas City International Airport,£67
387,Kansas,La Quinta by Wyndham Kansas City Airport,£69
388,Kansas,Days Inn by Wyndham Kansas City International Airport,£69
389,Kansas,Best Western Worlds Of Fun,£71
390,Kansas,Executive Inn & Suites,£71
391,Kansas,SureStay by Best Western Kansas City Country Inn North,£73
392,Kansas,Extended Stay America Suites - Kansas City - Country Club Plaza,£74
393,Kansas,Sonesta Select Kansas City South Overland Park,£74
394,Kansas,Rodeway Inn,£74
395,Kansas,Best Western Plus Kansas City Airport - KCI East,£75
396,Kansas,Sonesta Select Kansas City Airport Tiffany Springs,£77
397,Kansas,Super 8 by Wyndham Kansas City,£77
398,Kansas,Comfort Inn,£78
399,Kansas,Quality Inn & Suites Kansas City Downtown,£81
400,Kentucky,FairBridge Inn Express Mount Vernon Renfro Valley,£38
401,Kentucky,Rodeway Inn Florence - Cincinnati South,£38
402,Kentucky,OYO Hotel Mt Vernon KY - Renfro valley I-75,£39
403,Kentucky,Econo Lodge,£42
404,Kentucky,"Motel 6 Richmond, KY EKU Campus Area",£43
405,Kentucky,Days Inn by Wyndham Richmond,£43
406,Kentucky,OYO Hotel Cave City KY,£44
407,Kentucky,Days Inn by Wyndham Renfro Valley Mount Vernon,£45
408,Kentucky,Econo Lodge,£46
409,Kentucky,Red Roof Inn Cincinnati Airport–Florence/ Erlanger,£46
410,Kentucky,"Motel 6-Berea, KY",£47
411,Kentucky,Horse Cave Motel,£47
412,Kentucky,Days Inn Lexington SE Hamburg,£47
413,Kentucky,Towne Inn,£47
414,Kentucky,"Motel 6 Louisville, Ky- Airport/ Fair Expo",£47
415,Kentucky,"Motel 6 Walton, KY - Richwood - Cincinnati Airport South",£47
416,Kentucky,Super 8 by Wyndham Corbin KY,£48
417,Kentucky,Red Roof Inn Louisville East - Hurstbourne,£48
418,Kentucky,Quality Inn,£48
419,Kentucky,Super 8 by Wyndham Somerset,£49
420,Kentucky,Extended Stay America Suites - Lexington - Nicholasville Road,£49
421,Kentucky,Days Inn by Wyndham Cave City,£49
422,Kentucky,"Motel 6-Lexington, KY - East I-75",£49
423,Kentucky,Super 8 by Wyndham Prestonsburg,£50
424,Kentucky,Studio 6 Suites Louisville KY Airport/Expo Center,£50
425,Louisiana,City House New Orleans Samesun,£20
426,Louisiana,HI New Orleans Hostel,£26
427,Louisiana,Madame Isabelle's House,£27
428,Louisiana,Site 61 Hostel,£35
429,Louisiana,India House Hostel,£47
430,Louisiana,Trident Inn & Suites New Orleans,£51
431,Louisiana,Quality Inn New Orleans I-10 East,£53
432,Louisiana,Sunrise Inn & Suites New Orleans,£53
433,Louisiana,Days Inn by Wyndham New Orleans Pontchartrain,£55
434,Louisiana,"Motel 6-New Orleans, LA - Near Downtown",£62
435,Louisiana,Super 8 by Wyndham New Orleans,£67
436,Louisiana,Hotel 10 Extended Stay,£71
437,Louisiana,Chilled Pad 2 Blocks from the French Quarters,£71
438,Louisiana,Cottage close to French Quarters,£68
439,Louisiana,Best Western New Orleans East,£76
440,Louisiana,Maison Saint Charles,£77
441,Louisiana,"Blake Hotel New Orleans, BW Signature Collection",£83
442,Louisiana,Wyndham Garden Baronne Plaza,£84
443,Louisiana,Rathbone Mansions New Orleans,£84
444,Louisiana,Federal City Inn & Suites,£85
445,Louisiana,New Orleans Inn,£88
446,Louisiana,Historic Mardi Gras Inn,£88
447,Louisiana,Hampton Inn Downtown / French Quarter Area,£89
448,Louisiana,Hyatt House New Orleans Downtown,£89
449,Louisiana,Sonesta ES Suites New Orleans Downtown,£91
450,Maine,No View Farm,£53
451,Maine,Labyrinthia Guest House,£53
452,Maine,Travelers Inn,£54
453,Maine,Super 8 by Wyndham Bangor,£59
454,Maine,Queen City Inn,£60
455,Maine,"Motel 6-Portland, ME",£61
456,Maine,"DoubleTree by Hilton Portland, ME",£63
457,Maine,Hampton Inn Portland-Airport,£63
458,Maine,Lodge at Kennebunk,£64
459,Maine,Fairfield by Marriott Inn & Suites Portland Maine Airport,£66
460,Maine,Americas Best Value Inn Scarborough Portland,£66
461,Maine,Americas Best Value Inn Biddeford,£66
462,Maine,Tru By Hilton Portland Airport Area Me,£68
463,Maine,Inn at St John Portland In-Town,£71
464,Maine,Econo Lodge Freeport - Brunswick Area,£71
465,Maine,Best Western York Inn,£71
466,Maine,Quality Inn Bangor Airport,£72
467,Maine,Howard Johnson by Wyndham Bangor,£73
468,Maine,Quality Inn & Suites,£73
469,Maine,"Holiday Inn Portland-By the Bay, an IHG Hotel",£74
470,Maine,Days Inn by Wyndham Airport/Maine Mall,£75
471,Maine,Comfort Inn Airport,£75
472,Maine,Budget Host Airport Inn,£75
473,Maine,The Westin Portland Harborview,£76
474,Maine,La Quinta by Wyndham Portland,£76
475,Maryland,Upnor Rd,£36
476,Maryland,大卧室1.8米宽大床,£42
477,Maryland,Apm Inn & Suites,£44
478,Maryland,Comfort Suites Ocean City West,£47
479,Maryland,Suburban Studios LaVale - Cumberland,£48
480,Maryland,West Tower,£48
481,Maryland,Room in Guest room - Cozy Bedroom close to downtown,£48
482,Maryland,Charity's Haven II,£49
483,Maryland,Super 8 by Wyndham Havre De Grace Aberdeen Area,£50
484,Maryland,Room in Guest room - Twin Bunk-Style Bedroom close to downtown,£50
485,Maryland,Wingate by Wyndham Bel Air I-95 Exit 77A - APG Area,£50
486,Maryland,Travelodge by Wyndham Salisbury MD,£50
487,Maryland,Home2 Suites by Hilton Ocean City Bayside,£51
488,Maryland,Econo Lodge Frederick I-70,£51
489,Maryland,"Studio 6 Suites Pocomoke City, MD",£51
490,Maryland,"Holiday Inn Express & Suites - Ocean City, an IHG Hotel",£51
491,Maryland,Super 8 by Wyndham Aberdeen MD,£51
492,Maryland,"Holiday Inn Express and Suites West Ocean City, an IHG Hotel",£53
493,Maryland,Clarysville Motel,£53
494,Maryland,Studio in Downtown Frederick,£53
495,Maryland,"Tru By Hilton Ocean City Bayside, Md",£54
496,Maryland,Rodeway Inn,£54
497,Maryland,Red Roof Inn Aberdeen,£54
498,Maryland,La Quinta Inn & Suites Bel Air,£54
499,Maryland,Days Inn by Wyndham Easton,£55
500,Massachusetts,HI Boston Hostel,£32
501,Massachusetts,Found Hotel Boston Common,£39
502,Massachusetts,HomeStay In Boston Fields Corner Area,£50
503,Massachusetts,The Farrington Inn,£52
504,Massachusetts,Econo Lodge Sturbridge Route 20,£55
505,Massachusetts,Pleasant Valley Motel West Stockbridge,£58
506,Massachusetts,Villager Motel,£59
507,Massachusetts,Econo Lodge Lee - Great Barrington,£59
508,Massachusetts,Economy Lodge 682 Main St Sturbridge,£60
509,Massachusetts,Monument Mountain Motel,£60
510,Massachusetts,Attleboro Motor Inn,£61
511,Massachusetts,"Motel 6-Brockton, MA",£62
512,Massachusetts,Scottish Inns Sturbridge,£64
513,Massachusetts,Quality Inn,£65
514,Massachusetts,Cape Sands Inn,£66
515,Massachusetts,Days Inn by Wyndham Sturbridge,£67
516,Massachusetts,HomeStay 3 Miles From Downtown Boston,£68
517,Massachusetts,The Earl of Sandwich Motel,£68
518,Massachusetts,Bedford Motel,£69
519,Massachusetts,Cape Shore Inn,£69
520,Massachusetts,Sunny quiet private room,£70
521,Massachusetts,Cozy one bedroom with a queen bed,£63
522,Massachusetts,Hyannis Plaza Hotel,£72
523,Massachusetts,"Cozy one bedroom, one bathroom",£72
524,Massachusetts,Quite paradise,£72
525,Michigan,Campout at Hostel SoHa,£17
526,Michigan,Quality Inn,£34
527,Michigan,Hamtramck Hostel,£39
528,Michigan,Howard Johnson by Wyndham Saint Joseph Benton Harbor,£39
529,Michigan,Baymont by Wyndham St. Joseph/Stevensville,£40
530,Michigan,Travelodge by Wyndham Monroe,£41
531,Michigan,"Motel 6-Warren, MI - Detroit East",£42
532,Michigan,American Inn & Suites Bishop Airport Flint,£43
533,Michigan,Country Hearth Inn & Suites By OYO Sturgis,£43
534,Michigan,Days Inn by Wyndham Flint/Bishop International Airport,£44
535,Michigan,Super 8 Grand Rapids City Center,£44
536,Michigan,Americas Best Value Inn & Suites-Birch Run,£44
537,Michigan,Microtel Inn & Suites by Wyndham Holland,£44
538,Michigan,Rodeway Inn,£45
539,Michigan,American Inn & Suites,£45
540,Michigan,Red Roof Inn Benton Harbor - St. Joseph,£46
541,Michigan,Days Inn & Suites by Wyndham Madison Heights MI,£46
542,Michigan,Days Inn & Suites by Wyndham Warren,£46
543,Michigan,Quality Inn,£46
544,Michigan,Knights Inn Flint,£46
545,Michigan,Days Inn by Wyndham Albion,£46
546,Michigan,Super 8 by Wyndham Benton Harbor St Joseph,£47
547,Michigan,"Travelodge by Wyndham Canton-Livonia Area, MI",£47
548,Michigan,Bay Motel By OYO Bay City,£47
549,Michigan,Alma Motel,£47
550,Minnesota,Clear Lake Studio,£41
551,Minnesota,uptown apartment,£42
552,Minnesota,Hostel du Nord,£43
553,Minnesota,Executive Inn By Belvilla Owatonna Hwy 35,£43
554,Minnesota,Countryside Inn Motel Albert Lea,£45
555,Minnesota,"OYO Hotel Pipestone MN, Canterbury Park",£47
556,Minnesota,"Motel 6-Rochester, MN",£48
557,Minnesota,East Grand Inn,£48
558,Minnesota,TownSquare Place,£48
559,Minnesota,Budget Inn,£48
560,Minnesota,"Motel 6-Duluth, MN",£49
561,Minnesota,Quality Inn near Northtown Mall & National Sports Center,£50
562,Minnesota,MainStay Suites Rochester South Mayo Clinic,£50
563,Minnesota,Super 8 by Wyndham Rochester Mayo Clinic Area,£50
564,Minnesota,Americas Best Value Inn Hinckley,£50
565,Minnesota,"Motel 6-Saint Paul, MN - I-94",£50
566,Minnesota,Budget Inn And Suites Eagan,£50
567,Minnesota,Budget Host Inn,£50
568,Minnesota,Blaine Town Inn & Suites,£50
569,Minnesota,Travelodge by Wyndham Valleyfair Shakopee,£51
570,Minnesota,Viking Jr. Motel,£51
571,Minnesota,Days Inn & Suites by Wyndham Rochester South,£52
572,Minnesota,Super 8 by Wyndham Brooklyn Center/MPLS,£52
573,Minnesota,Super 8 by Wyndham Luverne,£53
574,Minnesota,Baymont by Wyndham Kasson Rochester Area,£53
575,Mississippi,OYO Hotel Jackson North I-55,£34
576,Mississippi,OYO Hotel Durant MS Bowling Green Rd,£35
577,Mississippi,Super 8 by Wyndham Picayune,£36
578,Mississippi,Ruleville Inn By OYO,£37
579,Mississippi,Relax Inn,£39
580,Mississippi,My Home at Columbus,£39
581,Mississippi,Motel 6 Jackson MS Southwest,£39
582,Mississippi,Magnolia Inn,£40
583,Mississippi,"Motel 6 Gulfport, MS Airport",£41
584,Mississippi,OYO Townhouse Jackson - Ridgeland,£41
585,Mississippi,Quality Inn,£42
586,Mississippi,Bayfront Inn Biloxi,£43
587,Mississippi,ASAM HOTEL,£43
588,Mississippi,Paradise Inn By OYO Hattiesburg North,£43
589,Mississippi,OYO Hotel Holly Springs MS,£44
590,Mississippi,Econo Lodge Inn & Suites Ocean Springs - Biloxi,£44
591,Mississippi,Rodeway Inn,£45
592,Mississippi,SureStay Hotel by Best Western Robinsonville Tunica,£46
593,Mississippi,Howard Johnson by Wyndham Vicksburg,£46
594,Mississippi,Quality Inn & Suites,£46
595,Mississippi,"Red Roof Inn Columbus, MS",£47
596,Mississippi,Super 8 by Wyndham Gulfport Biloxi Airport,£47
597,Mississippi,"Travel Inn by OYO, Hwy 80 - Jackson",£47
598,Mississippi,Days Inn by Wyndham Ocean Springs,£48
599,Mississippi,SureStay Hotel by Best Western Tupelo North,£48
600,Missouri,Twin Pine Motel,£38
601,Missouri,"Capri Motel By OYO Elwood, Wathena",£39
602,Missouri,Country Inn - Licking,£42
603,Missouri,Red Roof Inn St Robert Ft Leonard Wood,£42
604,Missouri,Budget Inn - Saint Robert,£42
605,Missouri,Super 7 Motel,£43
606,Missouri,"Motel 6-Sedalia, MO",£43
607,Missouri,76 Family Inn,£43
608,Missouri,American Inn,£43
609,Missouri,Days Inn by Wyndham Warrensburg,£44
610,Missouri,Howard Johnson by Wyndham Branson Theatre District,£45
611,Missouri,Super 8 by Wyndham Bonne Terre,£45
612,Missouri,Amerihost Inn & Suites,£45
613,Missouri,Econo Lodge Branson Theater District,£45
614,Missouri,California Motel,£46
615,Missouri,"Motel 6 Bonne Terre, MO",£46
616,Missouri,Usa Inn,£46
617,Missouri,Super 8 by Wyndham Potosi,£47
618,Missouri,Celebrity Inn,£47
619,Missouri,Finn's Motel,£47
620,Missouri,Americas Best Value Inn & Suites Branson - Near the Strip,£47
621,Missouri,Crestview Inn,£47
622,Missouri,Super 8 by Wyndham Branson - Shepherd of the Hills Exwy,£48
623,Missouri,"Motel 6-Saint Joseph, MO",£48
624,Missouri,"Motel 6-Rolla, MO",£48
625,Montana,Treasure State Hostel,£33
626,Montana,Tent 2 Oxen-Le-Fields Montana,£38
627,Montana,Travelodge by Wyndham Livingston,£39
628,Montana,Super 8 by Wyndham Livingston Yellowstone,£44
629,Montana,Pintler's Portal Hostel,£44
630,Montana,"Motel 6-Kalispell, MT",£47
631,Montana,Aero Inn,£48
632,Montana,Tent 1 Oxen-Le-Fields Montana,£48
633,Montana,Grizzly Inn,£49
634,Montana,Wingate by Wyndham Sidney,£52
635,Montana,Red Lion Inn & Suites Butte,£53
636,Montana,Travelodge by Wyndham Kalispell,£55
637,Montana,"Motel 6-Billings, MT - North",£55
638,Montana,"Motel 6-Butte, MT - Historic City Center",£56
639,Montana,Microtel Inn & Suites,£56
640,Montana,"Motel 6-Bozeman, MT",£56
641,Montana,Econo Lodge Livingston Gateway to Yellowstone,£57
642,Montana,Trail's End Motel Downtown Lewistown,£58
643,Montana,"Motel 6 Missoula, Mt - Wye - Travel Plaza",£58
644,Montana,Jefferson Inn,£59
645,Montana,Yellowstone River Inn,£59
646,Montana,Ramada by Wyndham Butte,£59
647,Montana,OYO Hotel Shelby MT Hwy 2 & I-15,£60
648,Montana,Super 8 by Wyndham Havre,£60
649,Montana,Rodeway Inn Billings Logan Intl Airport Near St Vincent Hospital,£62
650,Nebraska,Husker Inn,£35
651,Nebraska,West Point Inn & Suites,£39
652,Nebraska,Americas Best Value Inn - Lincoln Airport,£39
653,Nebraska,"Motel 6-York, NE",£41
654,Nebraska,Super 8 by Wyndham Omaha I-80 West,£42
655,Nebraska,La Quinta Inn by Wyndham Omaha West,£42
656,Nebraska,Travelodge by Wyndham Ogallala,£43
657,Nebraska,Rodeway Inn University District,£43
658,Nebraska,Travel Inn By OYO Omaha,£43
659,Nebraska,Value Stay Lodge,£44
660,Nebraska,Econo Lodge,£44
661,Nebraska,Super 8 by Wyndham Kearney,£44
662,Nebraska,Super 8 by Wyndham Omaha/West Dodge,£45
663,Nebraska,Super 8 by Wyndham Ogallala,£48
664,Nebraska,"Motel 6-Lincoln, NE - Airport",£48
665,Nebraska,Super 8 by Wyndham Fremont NE,£49
666,Nebraska,Travelers Lodge Beatrice,£49
667,Nebraska,Sunset Inn & Suites,£50
668,Nebraska,SurestayLincoln inn,£50
669,Nebraska,Super 8 by Wyndham Blair,£51
670,Nebraska,83 motel,£51
671,Nebraska,Western Inn South,£52
672,Nebraska,Motel 6 Omaha - IAT West,£52
673,Nebraska,Hastings Inn,£52
674,Nebraska,Days Inn by Wyndham Paxton,£52
675,Nevada,Sierra Nevada Hostel,£24
676,Nevada,Apartamentos Montreal,£49
677,Nevada,Apartamentos Montegorbea,£93
678,Nevada,Hotel GHM Monachil,£94
679,Nevada,Apartamentos Gorbea Suites,£97
680,Nevada,Sol del Sur Sierra Nevada,£100
681,Nevada,Hostal Yeti,£104
682,Nevada,Apartamentos Bulgaria,£108
683,Nevada,Estudio Snowport,£115
684,Nevada,Apartamentos Sabica,£115
685,Nevada,BiBo Suites Sierra Nevada,£121
686,Nevada,Hotel Apartamentos Trevenque,£129
687,Nevada,Hotel Kenia Nevada,£132
688,Nevada,"Estupendo Apartamento 1 Dormitorio, 1 Salón, Bano , WiFi Sky Montana",£134
689,Nevada,Hotel Telecabina,£142
690,Nevada,The Mountains Hotel,£150
691,Nevada,Meliá Sol y Nieve,£152
692,Nevada,Apartamentos Sabica Nevada Plaza,£157
693,Nevada,Melia Sierra Nevada,£159
694,Nevada,APARTAMENTOS SIERRA NEVADA VISTA SNOW,£162
695,Nevada,Sierra Nevada Premium,£167
696,Nevada,Apartamento en Edificio Monte Oíz 2 F con parking,£184
697,Nevada,Apartamento en Edificio Monte Oiz 2 E con parking,£184
698,Nevada,El nevado,£195
699,Nevada,Precioso Apartamento en la plaza,£195
700,New+Hampshire,Art Gallery Hostel,£41
701,New+Hampshire,The Notch Hostel,£48
702,New+Hampshire,CoHo: Conway Hostel,£50
703,New+Hampshire,Lodging at The Hummingbird Center,£53
704,New+Hampshire,Winnisquam Lake Inn,£58
705,New+Hampshire,Yankee Clipper Inn,£58
706,New+Hampshire,Northern Peaks Motor Inn,£58
707,New+Hampshire,Parker's Motel,£59
708,New+Hampshire,The Villager Motel,£59
709,New+Hampshire,Hampton Motor Inn,£62
710,New+Hampshire,Franconia Notch Motel,£63
711,New+Hampshire,Kearsarge Inn,£63
712,New+Hampshire,"Green Granite Inn, Ascend Hotel Collection",£63
713,New+Hampshire,Mount Whittier Motel,£65
714,New+Hampshire,Seabrook Inn,£66
715,New+Hampshire,Saco River Motor Lodge & Suites,£66
716,New+Hampshire,Days Inn by Wyndham Keene NH,£67
717,New+Hampshire,Red Carpet Inn and Suites Plymouth,£67
718,New+Hampshire,Days Inn by Wyndham Lincoln,£69
719,New+Hampshire,Super 8 by Wyndham Manchester Airport,£69
720,New+Hampshire,Near city center living!,£70
721,New+Hampshire,Hampton Village Inn,£71
722,New+Hampshire,"Best Western Plus, The Inn at Hampton",£71
723,New+Hampshire,Briarcliff Motel,£73
724,New+Hampshire,Red Roof Inn Salem,£73
725,New+Jersey,Co-ed Dorm with Fantastic Patio!,£28
726,New+Jersey,Shanghai Suite- long-term rental,£29
727,New+Jersey,Cozy room for rent in Newark,£31
728,New+Jersey,Crystal Room 1 Guest House near 12mins to EWR airport / Prudential / NJIT / Penn station,£43
729,New+Jersey,Bel Air Motor Lodge,£44
730,New+Jersey,Economy Motel Inn and Suites Somers Point,£45
731,New+Jersey,Victorian Palace 3,£45
732,New+Jersey,Ramada by Wyndham West Atlantic City,£46
733,New+Jersey,Sunset Inn,£46
734,New+Jersey,Quiet & Peaceful,£49
735,New+Jersey,Willoughby,£49
736,New+Jersey,Cozy Home Near Downtown Rahway,£50
737,New+Jersey,Modern Queen Room Near EWR,£50
738,New+Jersey,Super 8 by Wyndham Atlantic City,£51
739,New+Jersey,"Scottish Inns and Suites- Bordentown, NJ",£51
740,New+Jersey,Fidelia Diamond Minutes from Newark Liberty International Airport and Newark Penn Station,£51
741,New+Jersey,A lovely cozy room,£52
742,New+Jersey,Days Inn by Wyndham Atlantic City Beachblock,£52
743,New+Jersey,Originz concept,£48
744,New+Jersey,Garden State Inn,£53
745,New+Jersey,Best Western Atlantic City Beach Block,£53
746,New+Jersey,Econo Lodge Beach and Boardwalk,£53
747,New+Jersey,Perfect near NYC,£53
748,New+Jersey,Highlander Motor Inn Atlantic City,£53
749,New+Jersey,Howard Johnson by Wyndham Galloway Atlantic City Area,£54
750,New+Mexico,Cloudcroft Hostel,£31
751,New+Mexico,LOFT CABIN NEW BELEN NEW MEXICO,£34
752,New+Mexico,Mayo Inn,£39
753,New+Mexico,Americana Motel,£41
754,New+Mexico,Redwood Lodge,£41
755,New+Mexico,Super 8 by Wyndham Tucumcari,£43
756,New+Mexico,Super 8 by Wyndham Las Cruces/White Sands Area,£43
757,New+Mexico,"Motel 6-Silver City, NM",£43
758,New+Mexico,Quality Inn Clovis,£44
759,New+Mexico,OYO Hotel Kings at Clovis,£45
760,New+Mexico,"Motel 6-Bernalillo, NM",£45
761,New+Mexico,Belmont Motel,£45
762,New+Mexico,Americas Best Value Inn Gallup,£46
763,New+Mexico,"Motel 6-Gallup, NM",£46
764,New+Mexico,"Motel 6-Tucumcari, NM",£46
765,New+Mexico,Econo Lodge Tucumcari Route 66,£46
766,New+Mexico,Quality Inn & Suites Downtown - University Area,£46
767,New+Mexico,Days inn by Wyndham Albuquerque Northeast,£46
768,New+Mexico,Days-Inn by Wyndham Albuquerque I-25,£47
769,New+Mexico,Rodeway Inn,£47
770,New+Mexico,Travelodge by Wyndham Ruidoso,£47
771,New+Mexico,"Motel 6-Albuquerque, NM - Coors Road",£47
772,New+Mexico,Howard Johnson by Wyndham Gallup,£47
773,New+Mexico,Super 8 by Wyndham Las Cruces University Area,£48
774,New+Mexico,Quality Inn & Suites Las Cruces - University Area,£48
775,New+York+State,HI New York City Hostel,£28
776,New+York+State,Bowery Grand Hotel,£41
777,New+York+State,The Nolita Express Hostel,£47
778,New+York+State,KAMA CENTRAL PARK,£48
779,New+York+State,Nap York Central Park Sleep Station,£56
780,New+York+State,The Park Ave North,£74
781,New+York+State,West Side YMCA,£81
782,New+York+State,The Central Park North,£82
783,New+York+State,Riverside Tower Hotel,£84
784,New+York+State,New York Spirit Retreats HOSTEL,£86
785,New+York+State,Interfaith Retreats,£87
786,New+York+State,Pod 51,£88
787,New+York+State,Chelsea Inn,£86
788,New+York+State,U.S. Pacific Hotel,£90
789,New+York+State,Hotel Mimosa,£91
790,New+York+State,Pod 39,£91
791,New+York+State,Tribeca Hotel FiDi,£92
792,New+York+State,Da Vinci Hotel,£89
793,New+York+State,Pod Times Square,£94
794,New+York+State,Four Points by Sheraton Manhattan SoHo Village,£97
795,New+York+State,Eurostars Wall Street,£98
796,New+York+State,Four Points by Sheraton New York Downtown,£99
797,New+York+State,American Dream,£100
798,New+York+State,The Ridge,£101
799,New+York+State,Hilton Garden Inn NYC Financial Center/Manhattan Downtown,£101
800,North+Carolina,The Red Tree Inn,£41
801,North+Carolina,Comfort Inn N Myrtle Beach Barefoot Landing,£49
802,North+Carolina,Baymont by Wyndham North Myrtle Beach,£49
803,North+Carolina,Quality Inn & Suites,£56
804,North+Carolina,SureStay Hotel by Best Western North Myrtle Beach,£59
805,North+Carolina,La Quinta Inn by Wyndham North Myrtle Beach,£67
806,North+Carolina,Best Western Ocean Sands Beach Resort,£76
807,North+Carolina,Hampton Inn Harbourgate,£88
808,North+Carolina,Ocean Creek Resort,£103
809,North+Carolina,Avista Resort,£116
810,North+Carolina,Prince Resort,£121
811,North+Carolina,Beach Cove Resort,£130
812,North+Carolina,Cherry Grove efficiency just steps from the beach,£155
813,North+Carolina,Seaside Elegance Your Coastal Getaway,£157
814,North+Carolina,Ocean Walk,£165
815,North+Carolina,Ocean Escape Condos North,£172
816,North+Carolina,"Modern Oceanfront 1 Bedroom Condo, Prime Location, Stunning Views",£186
817,North+Carolina,Seaside Resort,£189
818,North+Carolina,Towers On The Grove 724 Direct Oceanfront Suite Sleeps 6 guests,£209
819,North+Carolina,A Place At The Beach II - 1 block from the ocean,£216
820,North+Carolina,Oceanfront in Heart of N Myrtle Beach with Pool,£220
821,North+Carolina,Immaculate Suite & Stunning Views! Bay Watch 1441,£221
822,North+Carolina,A Place at the Beach 406,£226
823,North+Carolina,Oceanfront w Stunning Views Amenities Galore,£229
824,North+Carolina,Seaward Escape - Cherry Grove Beach,£237
825,North+Dakota,Super 8 by Wyndham Williston ND,£36
826,North+Dakota,Badlands Inn & Suites,£38
827,North+Dakota,Ramada by Wyndham Williston,£41
828,North+Dakota,Super 8 by Wyndham Minot Airport,£43
829,North+Dakota,Roosevelt Hotel - Undergoing Improvements,£45
830,North+Dakota,"Motel 6-Fargo, ND - West Acres - North Fargo",£49
831,North+Dakota,Baymont by Wyndham Williston,£49
832,North+Dakota,Suburban Studios Dickinson,£50
833,North+Dakota,"Motel 6-Bismarck, ND",£51
834,North+Dakota,Grand Inn Fargo,£52
835,North+Dakota,Quality Inn & Suites,£52
836,North+Dakota,Baymont by Wyndham Minot,£52
837,North+Dakota,Americas Best Value Inn Fargo,£53
838,North+Dakota,Rodeway Inn,£54
839,North+Dakota,Super 8 by Wyndham West Fargo Main Ave ND,£55
840,North+Dakota,"Motel 6 Minot, ND",£55
841,North+Dakota,Old School Motel RV,£56
842,North+Dakota,Travelodge by Wyndham Fargo,£57
843,North+Dakota,Dakota Inn,£57
844,North+Dakota,Scotwood Motel by OYO Washburn ND,£57
845,North+Dakota,Studio 7 on Main,£57
846,North+Dakota,Suburban Studios,£59
847,North+Dakota,Econo Lodge,£59
848,North+Dakota,"Studio 6 - Minot, ND",£59
849,North+Dakota,Dickinson Inn,£60
850,Ohio,Altenbrauch Farm - Camping in the Hocking Hills,£23
851,Ohio,Hite Home,£28
852,Ohio,Red Carpet Inn & Suites Lima,£29
853,Ohio,The Wayfaring Buckeye Hostel,£30
854,Ohio,Days Inn by Wyndham Austintown,£33
855,Ohio,Wolf Inn Hotel,£31
856,Ohio,Beverly Hills Inn,£36
857,Ohio,M Star North Canton - Hall of Fame,£40
858,Ohio,Econo Lodge Cleveland Southeast - Kent,£40
859,Ohio,Econo Lodge,£41
860,Ohio,"Motel 6-Richfield, OH",£42
861,Ohio,Stay with Jay - Segunda Room,£42
862,Ohio,"Motel 6-Milan, OH - Sandusky",£42
863,Ohio,Baymont Inn & Suites,£43
864,Ohio,Days Inn by Wyndham St Clairsville,£43
865,Ohio,Super 8 by Wyndham Marietta,£43
866,Ohio,Rodeway Inn,£43
867,Ohio,Red Roof Inn Columbus - Hebron,£44
868,Ohio,Super 8 by Wyndham Kent/Akron Area,£44
869,Ohio,Baymont by Wyndham Northwood,£44
870,Ohio,Red Roof Inn Toledo University,£44
871,Ohio,Days Inn by Wyndham Perrysburg Toledo,£44
872,Ohio,Super 8 by Wyndham Perrysburg-Toledo,£44
873,Ohio,"Motel 6-Amherst, OH - Cleveland West - Lorain",£44
874,Ohio,Stay with Jay - Cozy First Floor Room,£45
875,Oklahoma,Days Inn by Wyndham Oklahoma City Fairground,£33
876,Oklahoma,Super 8 by Wyndham Oklahoma Fairgrounds,£35
877,Oklahoma,Motel 6 Oklahoma City OK Fairgrounds West,£39
878,Oklahoma,Meridian Inn Oklahoma City Airport,£40
879,Oklahoma,Super 8 by Wyndham Oklahoma Airport Fairgrounds West,£40
880,Oklahoma,BestWay Inn Oklahoma City Airport,£41
881,Oklahoma,SAMIR Stay at NW Expressway,£41
882,Oklahoma,Extended Stay America Suites - Oklahoma City - Airport,£42
883,Oklahoma,"Motel 6-Oklahoma City, OK",£44
884,Oklahoma,Econo Lodge Inn & Suites Near Bricktown,£44
885,Oklahoma,Budget Inn & Suites,£45
886,Oklahoma,Econo Lodge,£45
887,Oklahoma,SUNSET INN Oklahoma City,£45
888,Oklahoma,"Motel 6-Oklahoma City, OK - South",£45
889,Oklahoma,Budgetlodge,£45
890,Oklahoma,Studio Inn Extended Stay Oklahoma City Airport by OYO,£46
891,Oklahoma,Cambridge Inn,£46
892,Oklahoma,"Howard Johnson by Wyndham Oklahoma City OKC Airport, Fairgrounds, I40",£47
893,Oklahoma,Red Roof Inn Oklahoma Airport I 40 W Fairgrounds,£48
894,Oklahoma,Hawthorn Extended Stay by Wyndham Oklahoma City Airport,£48
895,Oklahoma,OKC Hotel,£50
896,Oklahoma,Super 8 by Wyndham Oklahoma City,£51
897,Oklahoma,OYO Townhouse Oklahoma City Airport,£51
898,Oklahoma,"Motel 6-Oklahoma City, OK - Airport East",£51
899,Oklahoma,Executive inn,£51
900,Oregon,"Motel 6-Astoria, OR",£52
901,Oregon,Astoria Rivershore Motel,£60
902,Oregon,Astoria Riverwalk Inn,£70
903,Oregon,Atomic Motel,£74
904,Oregon,Commodore Hotel,£78
905,Oregon,Norblad Hotel,£91
906,Oregon,"Lloyd Hotel Astoria Bayfront, Ascend Hotel Collection",£100
907,Oregon,The Inn at 515 15th,£106
908,Oregon,Best Western Columbia River Waterfront Hotel Astoria,£114
909,Oregon,Hampton Inn & Suites Astoria,£118
910,Oregon,"Holiday Inn Express Hotel & Suites Astoria, an IHG Hotel",£135
911,Oregon,Hotel Elliott,£147
912,Oregon,Bowline Hotel,£186
913,Oregon,Historic Downtown Cottage,£247
914,Oregon,"Historic Downtown Riverview Flat, No. 4",£260
915,Oregon,Riverview Downtown Cottage,£261
916,Oregon,"Historic Downtown Riverview Flat, No 3",£262
917,Oregon,"Historic Downtown Riverview Flat, No. 2",£262
918,Oregon,"Historic Downtown Riverview Flat, No. 1",£262
919,Oregon,Cannery Pier Hotel & Spa,£348
920,Oregon,Shilo Inn Suites Warrenton,£122
921,Oregon,Charming Coastal 4BR Home Near Columbia River,£416
922,Oregon,McMenamins Gearhart Hotel,£101
923,Oregon,Playa Doberman Oceanfront Townhouse with Gym,£118
924,Oregon,The Drifthaven at Gearhart,£330
925,Pennsylvania,Stylish Urban Living: Gateway to Pittsburgh Bliss,£28
926,Pennsylvania,☆☆ Modern Coed Dorm in Reading ☆☆,£29
927,Pennsylvania,Apple Hostels of Philadelphia,£29
928,Pennsylvania,Econo Lodge Harrisburg/Hershey,£33
929,Pennsylvania,Modern Coed Dorm 10 mins from Jim Thorpe,£34
930,Pennsylvania,Downtown North Side Pittsburgh! Close to the hospitals!,£34
931,Pennsylvania,Heart of The Burgh!! North Side Pittsburgh!,£34
932,Pennsylvania,OYO Hotel Bradford Main St PA,£35
933,Pennsylvania,Two full bed view,£36
934,Pennsylvania,2131 Private Double Room,£36
935,Pennsylvania,"Oakland, Pittsburgh !E Cozy and Stylish Private Bedroom with Shared Bathroom",£37
936,Pennsylvania,Red Roof Inn & Suites Hermitage,£37
937,Pennsylvania,Super 8 by Wyndham Erie/I 90,£37
938,Pennsylvania,Wellness Oasis Near Downtown Pittsburgh,£38
939,Pennsylvania,"Red Roof Inn Danville, PA",£38
940,Pennsylvania,2131,£39
941,Pennsylvania,Super 8 by Wyndham Carlisle North,£39
942,Pennsylvania,OYO Hotel Wilkes-Barre East,£39
943,Pennsylvania,Oakland/University @B Quiet & Stylish Private Bedroom with Shared Bathroom,£40
944,Pennsylvania,"Elegant Private Room in Oakland, Pittsburgh.",£40
945,Pennsylvania,Zen/Peaceful Retreat/Pittsburgh/Canton avenue,£41
946,Pennsylvania,Hampton Inn (not a Hilton Affiliate) Camp Hill - Harrisburg SW,£41
947,Pennsylvania,Harvey's Lake/near Rickett's Glen,£41
948,Pennsylvania,Americas Best Value Inn Gettysburg,£42
949,Pennsylvania,Sunrise Inn Hershey,£42
950,Rhode+Island,Michie Hostel,£31
951,Rhode+Island,The Town Room 2 at Wanskuck Village New near PC,£34
952,Rhode+Island,The Top-Floor at Centerdale Village Room B* Private Room,£37
953,Rhode+Island,The City-Side at Silver Lake *NEW 1-BED RM APT,£48
954,Rhode+Island,The Insight room is well-appointed,£54
955,Rhode+Island,The Town-Suite at Wanskuck NEW 2-BR APT Parking,£59
956,Rhode+Island,"Motel 6-Newport, RI",£61
957,Rhode+Island,Private room and bathroom,£63
958,Rhode+Island,"Spacious room in Fed Hill, Downtown with shared bathroom and kitchen",£67
959,Rhode+Island,Harbor Base Inn,£69
960,Rhode+Island,"Motel 6-Warwick, RI - Providence Airport - I-95",£69
961,Rhode+Island,Comfy Two Bedroom Basement Apartment,£70
962,Rhode+Island,Michie House in College Hill,£72
963,Rhode+Island,"Red Roof Inn & Suites Newport - Middletown, RI",£73
964,Rhode+Island,Days Inn by Wyndham Middletown/Newport Area,£74
965,Rhode+Island,The Carriage House Inn Newport,£77
966,Rhode+Island,Founder's Brook Motel and Suites,£77
967,Rhode+Island,Skyview Motor Inn,£77
968,Rhode+Island,Super 8 by Wyndham West Greenwich/Providence,£78
969,Rhode+Island,Classic Motor Lodge Providence - West Greenwich,£78
970,Rhode+Island,Best Western Providence Warwick Airport Inn,£79
971,Rhode+Island,Best Western West Greenwich Inn,£80
972,Rhode+Island,Sonesta Select Newport Middletown,£83
973,Rhode+Island,SpringHill Suites Providence West Warwick,£85
974,Rhode+Island,Woonsocket Motor Inn,£77
975,South+Carolina,Bposhtels Myrtle Beach South,£29
976,South+Carolina,Pine Street Studios,£31
977,South+Carolina,Turbeville Inn & Suites-I95,£34
978,South+Carolina,Gazebo Inn Oceanfront,£36
979,South+Carolina,Stay Lodge Anderson,£40
980,South+Carolina,The Red Tree Inn,£41
981,South+Carolina,Westbrook Motel,£42
982,South+Carolina,Budget Inn By Belvilla St George I-95,£42
983,South+Carolina,Budget Inn Conway,£42
984,South+Carolina,Southern Inn By OYO Walterboro I-95,£43
985,South+Carolina,Baymont Inn & Suites by Wyndham Florence,£43
986,South+Carolina,Tropical Seas Hotel,£43
987,South+Carolina,Quail Inn and Suites - Myrtle Beach,£44
988,South+Carolina,Days Inn by Wyndham Orangeburg,£44
989,South+Carolina,HomeTowne Studios by Red Roof Spartanburg - Asheville Highway,£45
990,South+Carolina,Richburg Inn,£46
991,South+Carolina,Baymont by Wyndham Walterboro,£46
992,South+Carolina,Florence Express Inn,£46
993,South+Carolina,Ocean Annie's Resorts,£46
994,South+Carolina,Ashburn Inn Of Manning,£47
995,South+Carolina,Econo Lodge,£47
996,South+Carolina,Econo Lodge Inn & Suites,£48
997,South+Carolina,"Motel 6-Walterboro, SC",£48
998,South+Carolina,"Holiday Sands North ""On the Boardwalk""",£48
999,South+Carolina,Ocean Crest Inn and Suites,£48
1000,South+Dakota,Rodeway Inn Rapid City,£35
1001,South+Dakota,Super 8 by Wyndham Deadwood Black Hills Area,£36
1002,South+Dakota,Historic Iron Horse Inn - Deadwood,£37
1003,South+Dakota,Westwood Inn & Suites - Kimball,£38
1004,South+Dakota,Super 8 by Wyndham Hot Springs,£41
1005,South+Dakota,Travelodge by Wyndham Rapid City,£41
1006,South+Dakota,Historic Bullock Hotel,£41
1007,South+Dakota,Super 8 by Wyndham Sturgis,£42
1008,South+Dakota,Travelodge by Wyndham Edgemont,£43
1009,South+Dakota,"Deadwood Gulch Resort, Trademark Collection by Wyndham",£45
1010,South+Dakota,The Sturgis Motel,£45
1011,South+Dakota,Econo Lodge North,£48
1012,South+Dakota,"Baymont by Wyndham Sioux Falls North,I-29,Russell St, Airport",£48
1013,South+Dakota,Celebrity Hotel,£48
1014,South+Dakota,Baymont by Wyndham Hot Springs,£49
1015,South+Dakota,Microtel Inn & Suites by Wyndham Sioux Falls,£50
1016,South+Dakota,Quality Inn near Monument Health Rapid City Hospital,£50
1017,South+Dakota,Sleep Inn Airport,£50
1018,South+Dakota,Days Inn by Wyndham Sturgis SOUTHDAKOTA,£51
1019,South+Dakota,Days Inn by Wyndham Rapid City,£51
1020,South+Dakota,Super 8 by Wyndham Huron,£51
1021,South+Dakota,Super 8 by Wyndham Watertown,£51
1022,South+Dakota,Econo Lodge,£51
1023,South+Dakota,Deadwood Miners Hotel & Restaurant,£52
1024,South+Dakota,Days Inn by Wyndham Sioux Falls Airport,£53
1025,South+Dakota,Yankton Inn,£73
1026,Tennessee,Baymont by Wyndham Sevierville Pigeon Forge,£29
1027,Tennessee,Days Inn by Wyndham Apple Valley Pigeon Forge/Sevierville,£29
1028,Tennessee,Americana Inn a Travelodge by Wyndham,£30
1029,Tennessee,Days Inn By Wyndham Pigeon Forge South,£31
1030,Tennessee,Travelodge by Wyndham Pigeon Forge Dollywood Lane,£32
1031,Tennessee,Economy Hotel Memphis,£33
1032,Tennessee,Super 8 by Wyndham Pigeon Forge Downtown,£34
1033,Tennessee,Smoky View Inn,£35
1034,Tennessee,SureStay Plus Hotel by Best Western Sevierville,£38
1035,Tennessee,Howard Johnson by Wyndham Downtown Gatlinburg,£38
1036,Tennessee,The Smoke House Lodge,£39
1037,Tennessee,Travelodge by Wyndham Pigeon Forge,£39
1038,Tennessee,Jefferson Inn Dandridge,£40
1039,Tennessee,Econo Lodge Sevierville-Pigeon Forge on the River,£40
1040,Tennessee,Microtel Inn & Suites by Wyndham Gatlinburg,£40
1041,Tennessee,Tennessee Mountain Lodge,£40
1042,Tennessee,Super 8 by Wyndham Sevierville Riverside,£41
1043,Tennessee,Briarstone Inn,£42
1044,Tennessee,"Bear Creek Inn Gatlinburg, TN",£42
1045,Tennessee,Econo Lodge Inn & Suites Gatlinburg at the Convention Center,£43
1046,Tennessee,Bear Mount Inn & Suites,£43
1047,Tennessee,"Motel 6-Gatlinburg, TN - Smoky Mountains",£44
1048,Tennessee,Econo Lodge,£44
1049,Tennessee,"Motel 6-Cleveland, TN",£44
1050,Tennessee,Econo Lodge,£44
1051,Texas,Fresh CrashPads 2,£15
1052,Texas,The Layover,£17
1053,Texas,STOP Inn STAY HOSTEL,£17
1054,Texas,Three Zzz’s,£17
1055,Texas,Fresh CrashPads 1,£24
1056,Texas,Fresh CrashPads 3,£22
1057,Texas,Rest stop2 Hostel,£27
1058,Texas,Wanderstay Houston Hostel,£33
1059,Texas,Bposhtels Houston,£35
1060,Texas,Regency Inn & Suites,£40
1061,Texas,MyCrib Houston Hostel,£40
1062,Texas,Travelodge by Wyndham Houston Hobby Airport,£44
1063,Texas,OYO Hotel Houston Katy Freeway,£44
1064,Texas,OYO Hotel Houston Southwest I-69,£45
1065,Texas,"Lovely downtown No door- partition division no spoken, no kids",£46
1066,Texas,Express Inn Hobby Airport,£47
1067,Texas,REGENCY INN & SUITS,£47
1068,Texas,"Studio 6-Houston, TX - Hobby South",£47
1069,Texas,Red Roof Inn Houston - Jersey Village,£48
1070,Texas,GreenTree Inn - IAH Airport JFK Blvd,£48
1071,Texas,"Motel 6 Houston, TX - Medical Center - NRG Stadium",£49
1072,Texas,Red Roof Inn PLUS+ Houston - Energy Corridor,£49
1073,Texas,"Motel 6-Houston, TX - East",£49
1074,Texas,Studio 6 Houston TX Brookhollow,£49
1075,Texas,"Motel 6-Houston, TX - Brookhollow",£49
1076,Utah,Travelodge by Wyndham Kanab,£31
1077,Utah,Rodeway Inn & Suites Big Water - Antelope Canyon,£34
1078,Utah,Blue Mountain RV Park,£36
1079,Utah,Magnuson Cedar City,£37
1080,Utah,Days Inn by Wyndham Provo,£38
1081,Utah,Rodeway Inn St George North - Near Pioneer Park,£39
1082,Utah,Chez Char,£39
1083,Utah,Quality Inn Zion Park Area,£39
1084,Utah,Rodeway Inn Bryce Canyon,£41
1085,Utah,Super 8 by Wyndham St. George UT,£41
1086,Utah,Color Country Motel,£41
1087,Utah,America's Best Inn & Suites Saint George,£42
1088,Utah,Travelodge by Wyndham Cedar City,£42
1089,Utah,Days Inn by Wyndham St. George,£42
1090,Utah,Econo Lodge St George North - Near Pioneer Park,£42
1091,Utah,Economy Inn & Suites,£42
1092,Utah,"Motel 6 Lehi, UT - Thanksgiving Point",£43
1093,Utah,"Motel 6 Saint George, UT",£43
1094,Utah,The Monticello Inn,£43
1095,Utah,"Motel 6 Ogden, UT- Downtown",£43
1096,Utah,Country Inn Beaver Utah,£43
1097,Utah,The Cowboy Bunkhouse,£44
1098,Utah,Howard Johnson by Wyndham St. George Hotel & Suites,£44
1099,Utah,Red Lion Hotel and Conference Center St. George,£45
1100,Utah,Super 8 by Wyndham Logan,£46
1101,Vermont,My Cousins Place,£51
1102,Vermont,Turn of River Lodge,£56
1103,Vermont,The Upper Pass Lodge,£71
1104,Vermont,Hotel Coolidge,£71
1105,Vermont,Quality Inn Colchester - Burlington,£72
1106,Vermont,The Putney Inn,£79
1107,Vermont,Rodeway Inn,£75
1108,Vermont,Colonial Motel and Spa,£83
1109,Vermont,The Covered Bridge Inn,£85
1110,Vermont,Super 8 by Wyndham White River Junction,£83
1111,Vermont,Hampton Inn Burlington - Colchester,£86
1112,Vermont,Best Western Plus Windjammer Inn & Conference Center,£89
1113,Vermont,Best Western Bennington,£89
1114,Vermont,Pine Crest Motel & Cabins,£92
1115,Vermont,Smart Suites on the Hill,£92
1116,Vermont,The Brandon Inn,£101
1117,Vermont,DoubleTree by Hilton Hotel Burlington Vermont,£94
1118,Vermont,Mountain Valley Retreat,£96
1119,Vermont,La Quinta Inn & Suites by Wyndham Williston Burlington,£98
1120,Vermont,Comfort Inn & Suites,£98
1121,Vermont,Econo Lodge,£99
1122,Vermont,Green Mountain Suites Hotel,£108
1123,Vermont,Quality Inn Shelburne - Burlington,£99
1124,Vermont,Cozy Downtown Apartment In Bennington,£108
1125,Vermont,Delta Hotels by Marriott Burlington,£100
1126,Virginia,Howard Johnson by Wyndham Virginia Beach At The Beach,£41
1127,Virginia,Aqua Vista Resort Hotel,£44
1128,Virginia,Travelodge by Wyndham Virginia Beach,£45
1129,Virginia,Ambassadors Inn & Suites,£48
1130,Virginia,Oceans 2700,£50
1131,Virginia,Alamar Resort Inn,£51
1132,Virginia,Magnuson Hotel Virginia Beach,£53
1133,Virginia,Cerca Del Mar Motel,£55
1134,Virginia,Seashire Inn & Suites,£56
1135,Virginia,Travelodge by Wyndham Virginia Beach Bay Beach,£57
1136,Virginia,SureStay Hotel by Best Western Virginia Beach Royal Clipper,£58
1137,Virginia,Blue Marlin Motel,£58
1138,Virginia,Knights Inn Virginia Beach Lynnhaven,£59
1139,Virginia,Marjac Suites Virginia Beach Oceanfront,£60
1140,Virginia,Days Inn by Wyndham Virginia Beach Town Center,£62
1141,Virginia,Ramada by Wyndham Virginia Beach,£63
1142,Virginia,Red Roof PLUS & Suites Virginia Beach - Seaside,£65
1143,Virginia,Ocean Cove Motel,£65
1144,Virginia,Red Roof Inn Virginia Beach,£66
1145,Virginia,Econo Lodge Inn & Suites I-64 & US 13,£67
1146,Virginia,Travelodge by Wyndham Suites Virginia Beach Oceanfront,£67
1147,Virginia,La Quinta by Wyndham Virginia Beach,£68
1148,Virginia,Ocean Resort,£68
1149,Virginia,Sun & Sand Resort Oceanfront Suites,£69
1150,Virginia,Econo Lodge Town Center,£69
1151,Washington,U Street Capsule Hostel,£217
1152,Washington,Morton st,£389
1153,Washington,Duo Housing,£712
1154,Washington,Duo Nomad,£801
1155,Washington,Melrose Georgetown Hotel,"£1,456"
1156,Washington,The Eldon Luxury Suites,"£3,565"
1157,Washington,Budget Inn Temple Hills,£96
1158,Washington,"Walk2Metro's,DCGem,Private,Wifi, FreeParking","£1,188"
1159,Washington,"Walk2Metro's,DCGem,Private,Wifi, FreeParking","£1,452"
1160,Washington,"CLARENDON,SUPRLOCATION,8ppl,PRIVATE,METRO,PARK","£1,754"
1161,Washington,"Home near DCA Airport, Mall & Metro","£1,804"
1162,Washington,The Westin Crystal City Reagan National Airport,"£2,996"
1163,Washington,West Tower,£48
1164,Washington,Premier National Harbor House,£80
1165,Washington,"4 bed 3 bath Villa in Silver Spring near Washington, DC",£178
1166,Washington,"MCM w HotTub, Metro, Games, Grill, Tons of Space",£217
1167,Washington,Budget Inn Falls Church,£226
1168,Washington,Red Roof Inn PLUS+ Washington DC - Alexandria,£257
1169,Washington,Red Roof Inn PLUS+ Washington DC - Oxon Hill,£259
1170,Washington,"Motel 6-Springfield, DC - Washington Southwest",£321
1171,Washington,Best Western Springfield,£321
1172,Washington,Comfort Inn,£321
1173,Washington,Beautiful Modern 4bed/2.5bath House,£321
1174,Washington,Comfort Inn,£347
1175,Washington,Econo Lodge Metro,£374
1176,West+Virginia,Comfy Room,£36
1177,West+Virginia,Travelodge by Wyndham Parkersburg,£41
1178,West+Virginia,Red Roof Inn Dunbar,£43
1179,West+Virginia,Econo Lodge,£44
1180,West+Virginia,"Motel 6 Williamstown, WV",£44
1181,West+Virginia,Travelodge by Wyndham Beckley,£46
1182,West+Virginia,Abrams Creek Campground,£47
1183,West+Virginia,Quality Express Inn & Suites,£47
1184,West+Virginia,Lafayette Inn,£47
1185,West+Virginia,Microtel Inn & Suites By Wyndham Mineral Wells/Parkersburg,£48
1186,West+Virginia,Days Inn by Wyndham Fairmont,£49
1187,West+Virginia,"OYO Hotel Chapmanville Inn, WV - Hwy 119",£49
1188,West+Virginia,Super 8 by Wyndham Fairmont,£49
1189,West+Virginia,Quality Inn,£49
1190,West+Virginia,Super 8 by Wyndham Wheeling WV,£50
1191,West+Virginia,Super 8 by Wyndham Bridgeport/Clarksburg Area,£51
1192,West+Virginia,Smart Extended Stay,£51
1193,West+Virginia,Howard Johnson by Wyndham Beckley,£52
1194,West+Virginia,St. Mary’s Motel,£52
1195,West+Virginia,The Inn At Plantation,£53
1196,West+Virginia,Hotel M Morgantown - WVU Area,£53
1197,West+Virginia,Days Inn & Suites by Wyndham Bridgeport - Clarksburg,£53
1198,West+Virginia,Suburban Studios Triadelphia - Wheeling at The Highlands,£54
1199,West+Virginia,Microtel Inn & Suites Beckley East,£55
1200,West+Virginia,"Motel 6 Hurricane, WV",£55
1201,Wisconsin,Rosewood Garden,£54
1202,Wisconsin,Ramada by Wyndham Wisconsin Dells I-90,£55
1203,Wisconsin,Econo Lodge Inn & Suites,£55
1204,Wisconsin,MT. OLYMPUS WATER PARK AND THEME PARK RESORT,£57
1205,Wisconsin,Sleep Inn & Suites,£58
1206,Wisconsin,The VUE Boutique Hotel & Boathouse,£60
1207,Wisconsin,Woodside Dells Hotel & Suites,£62
1208,Wisconsin,Quality Inn & Suites Wisconsin Dells Downtown - Waterparks Area,£62
1209,Wisconsin,Super 8 by Wyndham Wisconsin Dells,£63
1210,Wisconsin,Natura Treescape Resort,£66
1211,Wisconsin,White Rose Inns & Motel,£72
1212,Wisconsin,AmericInn by Wyndham Wisconsin Dells,£73
1213,Wisconsin,"avid hotel Wisconsin Dells Lake Delton, an IHG Hotel",£77
1214,Wisconsin,La Quinta Inn & Suites by Wyndham Wisconsin Dells- Lake Delton,£78
1215,Wisconsin,Tru By Hilton Wisconsin Dells,£79
1216,Wisconsin,SpringHill Suites by Marriott Wisconsin Dells,£82
1217,Wisconsin,"Holiday Inn Express Wisconsin Dells, an IHG Hotel",£83
1218,Wisconsin,Hilton Garden Inn Wisconsin Dells,£85
1219,Wisconsin,Wingate by Wyndham Wisconsin Dells Waterpark,£87
1220,Wisconsin,Hampton Inn and Suites at Wisconsin Dells Lake Delton,£87
1221,Wisconsin,"Atlantis Family Waterpark Hotel, Ascend Hotel Collection",£89
1222,Wisconsin,Fairfield Inn & Suites by Marriott Wisconsin Dells,£90
1223,Wisconsin,Bakers Sunset Bay Resort,£94
1224,Wisconsin,Best Western Ambassador Inn & Suites,£100
1225,Wisconsin,"Staybridge Suites - Wisconsin Dells - Lake Delton, an IHG Hotel",£102
1226,Wyoming,Big Horn Motel,£35
1227,Wyoming,Prairie Inn,£43
1228,Wyoming,Alamo Inn & Suites,£43
1229,Wyoming,Lava Mountain Lodge,£43
1230,Wyoming,Quality Inn Evanston near Wyoming Downs,£44
1231,Wyoming,Affordable Inns Evanston,£46
1232,Wyoming,Motel 8 Rock Springs,£46
1233,Wyoming,National 9 Inn Gillette,£46
1234,Wyoming,Budget Inn Laramie,£47
1235,Wyoming,The Budget Inn Express,£50
1236,Wyoming,Days Inn by Wyndham Gillette,£50
1237,Wyoming,Super 8 by Wyndham Powell,£50
1238,Wyoming,Royal Inn Casper,£51
1239,Wyoming,Motel 7 Rawlins,£51
1240,Wyoming,Quality Inn Sheridan I-90,£51
1241,Wyoming,Quality Inn,£52
1242,Wyoming,Riverton Inn & Suites Riverton,£52
1243,Wyoming,Cheyenne Motel,£52
1244,Wyoming,Cheyenne Guest Inn,£54
1245,Wyoming,Super 8 by Wyndham Gillette,£54
1246,Wyoming,"Motel 6-Wheatland, WY",£54
1247,Wyoming,Super 8 by Wyndham Cheyenne WY,£54
1248,Wyoming,Econo Lodge,£55
1249,Wyoming,Baymont by Wyndham Sheridan,£55
1250,Wyoming,Super 8 by Wyndham Green River,£55
